Date,AGHOL.IS,AKBNK.IS,ALARK.IS,BIOEN.IS,EUPWR.IS,FROTO.IS,KONTR.IS,KUTPO.IS,PETKM.IS,SISE.IS,TUPRS.IS
2021-05-27,22.1121883392334,4.5327467918396,10.133454322814941,,,156.6827850341797,12.623662948608398,44.560001373291016,6.269999980926514,7.549049377441406,12.845808029174805
2021-05-28,22.50046157836914,4.559100151062012,9.935148239135742,,,156.4099884033203,12.604737281799316,40.119998931884766,6.260000228881836,7.6162800788879395,12.951972007751465
2021-05-31,22.074466705322266,4.5678839683532715,9.816163063049316,,,158.1377716064453,12.491181373596191,36.119998931884766,6.179999828338623,7.599832534790039,12.918794631958008
2021-06-01,22.21133041381836,4.664512634277344,9.865739822387695,,,156.5918426513672,13.740299224853516,33.060001373291016,6.230000019073486,7.678282260894775,13.084676742553711
2021-06-02,22.348196029663086,4.629375457763672,9.766587257385254,,,158.68336486816406,14.099894523620605,33.5,6.380000114440918,7.658669948577881,13.469520568847656
2021-06-03,22.348196029663086,4.620591163635254,9.5087890625,,,158.7743377685547,13.702446937561035,33.040000915527344,6.320000171661377,7.874406814575195,13.66857624053955
2021-06-04,22.524168014526367,4.63815975189209,9.419550895690918,,,162.7755126953125,13.257684707641602,32.18000030517578,6.320000171661377,7.913631916046143,13.66857624053955
2021-06-07,22.993419647216797,4.726003646850586,9.558365821838379,,,160.77490234375,13.058961868286133,32.439998626708984,6.260000228881836,8.031306266784668,13.655306816101074
2021-06-08,22.680585861206055,4.743572235107422,9.498873710632324,,,161.04771423339844,12.869702339172363,32.18000030517578,6.260000228881836,8.021500587463379,13.721658706665039
2021-06-09,22.524168014526367,4.78749418258667,9.498873710632324,,,165.04891967773438,13.115739822387695,31.639999389648438,6.199999809265137,7.98227596282959,13.615493774414062
2021-06-10,22.973867416381836,4.848985195159912,9.330312728881836,,,163.2301788330078,13.248222351074219,31.360000610351562,6.210000038146973,8.021500587463379,13.68184757232666
2021-06-11,22.895660400390625,4.840200424194336,9.459212303161621,,,167.68603515625,13.134666442871094,32.18000030517578,6.179999828338623,7.962663173675537,13.761469841003418
2021-06-14,22.387300491333008,4.813847541809082,9.191498756408691,,,162.5936279296875,12.92647933959961,35.380001068115234,5.980000019073486,7.952856540679932,13.801280975341797
2021-06-15,22.44595718383789,4.831416130065918,9.062600135803223,,,159.31993103027344,12.718293190002441,36.0,5.929999828338623,7.943050861358643,13.655306816101074
2021-06-16,22.094018936157227,4.769925117492676,8.913869857788086,,,160.68399047851562,12.330309867858887,35.5,5.849999904632568,7.962663173675537,13.66857624053955
2021-06-17,21.957151412963867,4.620591163635254,8.656070709228516,,,156.5009307861328,13.560501098632812,36.400001525878906,5.800000190734863,7.933244705200195,13.78801155090332
2021-06-18,21.702974319458008,4.620591163635254,8.437934875488281,,,154.86407470703125,13.333389282226562,37.459999084472656,5.679999828338623,7.776344299316406,13.482789993286133
2021-06-21,21.742076873779297,4.655728816986084,8.437934875488281,,,156.04624938964844,12.784534454345703,41.20000076293945,5.579999923706055,7.795957088470459,13.21738052368164
2021-06-22,21.80073356628418,4.71721887588501,8.48751163482666,,,156.9556121826172,12.831850051879883,43.540000915527344,5.599999904632568,7.805763244628906,13.336814880371094
2021-06-23,21.898494720458984,4.690865993499756,8.428019523620605,,,156.13717651367188,13.030572891235352,45.060001373291016,5.489999771118164,7.854794979095459,13.297003746032715
2021-06-24,21.820287704467773,4.734787940979004,8.49742603302002,,,156.5009307861328,13.134666442871094,46.79999923706055,5.440000057220459,7.776344299316406,13.283734321594238
2021-06-25,21.56610679626465,4.690865993499756,8.378442764282227,,,152.135986328125,12.96433162689209,49.439998626708984,5.389999866485596,7.688088893890381,13.05150032043457
2021-06-28,21.35103416442871,4.682081699371338,8.437934875488281,,,151.4084930419922,13.484797477722168,54.349998474121094,5.300000190734863,7.599832534790039,12.792726516723633
2021-06-29,21.272825241088867,4.67329740524292,8.428019523620605,,,155.1368865966797,14.194523811340332,59.75,5.360000133514404,7.590025901794434,12.679926872253418
2021-06-30,21.214168548583984,4.63815975189209,8.358612060546875,,,154.7731475830078,14.345932006835938,57.599998474121094,5.230000019073486,7.491963863372803,12.573763847351074
2021-07-01,21.15550994873047,4.726003646850586,8.765140533447266,,,157.3193359375,14.005264282226562,51.849998474121094,5.289999961853027,7.609638690948486,12.759550094604492
2021-07-02,21.409690856933594,4.682081699371338,9.201414108276367,,,158.4105682373047,13.683521270751953,46.68000030517578,5.230000019073486,7.570413589477539,12.693197250366211
2021-07-05,21.878942489624023,4.778709888458252,9.379889488220215,,,158.22869873046875,13.36177921295166,46.29999923706055,5.289999961853027,7.599832534790039,12.951972007751465
2021-07-06,22.504615783691406,4.71721887588501,9.201414108276367,,,154.6822052001953,13.248222351074219,46.70000076293945,5.230000019073486,7.609638690948486,12.759550094604492
2021-07-07,22.582822799682617,4.726003646850586,9.379889488220215,,,157.86497497558594,13.153592109680176,47.86000061035156,5.360000133514404,7.678282260894775,12.786090850830078
2021-07-08,22.524168014526367,4.67329740524292,9.181583404541016,,,157.22840881347656,12.784534454345703,47.68000030517578,5.340000152587891,7.531188488006592,12.640115737915039
2021-07-09,23.26715087890625,4.67329740524292,9.10226058959961,,,158.5924530029297,12.907553672790527,51.95000076293945,5.440000057220459,7.570413589477539,12.819267272949219
2021-07-12,22.797897338867188,4.646944046020508,9.151836395263672,,,157.04652404785156,12.368163108825684,52.599998474121094,5.289999961853027,7.4527387619018555,12.540587425231934
2021-07-13,22.504615783691406,4.60302209854126,8.943615913391113,,,153.50003051757812,11.970714569091797,53.95000076293945,5.239999771118164,7.403707981109619,12.474234580993652
2021-07-14,23.071630477905273,4.646944046020508,9.181583404541016,,,159.59274291992188,12.746683120727539,54.20000076293945,5.320000171661377,7.4527387619018555,12.606940269470215
2021-07-16,23.67774772644043,4.60302209854126,9.181583404541016,,,156.2281036376953,12.339773178100586,54.5,5.340000152587891,7.393901348114014,12.573763847351074
2021-07-19,23.364912033081055,4.5327467918396,9.181583404541016,,,154.50030517578125,12.282995223999023,54.349998474121094,5.300000190734863,7.305644989013672,12.447693824768066
2021-07-26,23.345361709594727,4.506393909454346,9.221244812011719,,,153.86376953125,11.895009994506836,52.25,5.420000076293945,7.315451622009277,12.215460777282715
2021-07-27,24.04924201965332,4.5151777267456055,9.379889488220215,,,153.9547119140625,12.008567810058594,50.5,5.579999923706055,7.344870090484619,12.25527286529541
2021-07-28,23.208494186401367,4.480040550231934,9.369974136352539,,,153.2272186279297,11.895009994506836,48.5,5.619999885559082,7.325257778167725,12.195554733276367
2021-07-29,23.169391632080078,4.576668739318848,9.488957405090332,,,155.40968322753906,11.904475212097168,48.560001373291016,5.679999828338623,7.511576175689697,12.487505912780762
2021-07-30,22.895660400390625,4.620591163635254,9.350144386291504,,,157.13748168945312,11.658435821533203,47.540000915527344,5.670000076293945,7.442932605743408,12.447693824768066
2021-08-02,23.110734939575195,4.655728816986084,9.558365821838379,,,158.3196563720703,11.667899131774902,48.70000076293945,5.71999979019165,7.570413589477539,12.679926872253418
2021-08-03,23.012971878051758,4.699650287628174,9.667433738708496,,,159.31993103027344,11.620583534240723,51.25,5.639999866485596,7.639057159423828,12.620210647583008
2021-08-04,22.700138092041016,4.761141300201416,9.568280220031738,,,158.4105682373047,11.620583534240723,51.650001525878906,5.710000038146973,7.648863792419434,12.547222137451172
2021-08-05,22.524168014526367,4.848985195159912,9.647603034973145,,,164.04859924316406,11.450248718261719,51.849998474121094,5.739999771118164,7.717507362365723,12.971877098083496
2021-08-06,22.524168014526367,4.769925117492676,9.647603034973145,,,161.22958374023438,11.251526832580566,52.150001525878906,5.760000228881836,7.8449883460998535,13.024959564208984
2021-08-09,22.85655403137207,4.75235652923584,9.806248664855957,,,157.77401733398438,11.60165786743164,52.95000076293945,5.860000133514404,8.021500587463379,13.01832389831543
2021-08-10,22.81744956970215,4.822631359100342,9.796333312988281,,,158.5924530029297,11.355619430541992,53.599998474121094,5.869999885559082,8.227432250976562,13.224016189575195
2021-08-11,22.113571166992188,4.70843505859375,9.528618812561035,,,156.04624938964844,11.317766189575195,55.650001525878906,5.769999980926514,8.178400039672852,12.805996894836426
2021-08-12,22.797897338867188,4.822631359100342,9.806248664855957,,,162.5936279296875,11.100118637084961,57.29999923706055,5.940000057220459,8.256850242614746,13.044865608215332
2021-08-13,23.345361709594727,4.813847541809082,9.717010498046875,,,164.86703491210938,11.251526832580566,58.04999923706055,5.980000019073486,8.521617889404297,13.350085258483887
2021-08-16,23.188940048217773,4.954397678375244,9.717010498046875,,,161.5023956298828,11.497564315795898,59.150001525878906,6.019999980926514,8.472587585449219,13.350085258483887
2021-08-17,23.345361709594727,4.980751037597656,9.84591007232666,,,162.41175842285156,11.232600212097168,59.54999923706055,6.090000152587891,8.560843467712402,13.628765106201172
2021-08-18,24.244762420654297,4.936829090118408,9.717010498046875,,,157.59214782714844,11.119043350219727,55.349998474121094,5.960000038146973,8.502006530761719,13.496061325073242
2021-08-19,24.71401596069336,4.89290714263916,9.290651321411133,,,155.40968322753906,10.873005867004395,56.0,5.960000038146973,8.521617889404297,13.323545455932617
2021-08-20,24.147003173828125,4.910476207733154,9.003107070922852,,,155.31874084472656,11.071728706359863,57.20000076293945,5.949999809265137,8.531424522399902,13.157663345336914
2021-08-23,24.596702575683594,5.00710391998291,9.042768478393555,,,154.50030517578125,10.816226959228516,58.0,6.039999961853027,8.855030059814453,13.270462989807129
2021-08-24,24.127450942993164,5.015888690948486,8.7849702835083,,,154.13656616210938,10.920320510864258,58.650001525878906,6.039999961853027,8.76677417755127,13.297003746032715
2021-08-25,23.87327003479004,5.00710391998291,8.626325607299805,,,154.50030517578125,10.57965087890625,59.75,6.119999885559082,8.75696849822998,13.204110145568848
2021-08-26,23.364912033081055,4.998319625854492,8.517256736755371,,,152.40879821777344,10.163278579711914,60.0,6.079999923706055,8.649099349975586,13.124486923217773
2021-08-27,23.423566818237305,5.033457279205322,8.755224227905273,,,153.50003051757812,10.254708290100098,60.5,6.239999771118164,8.79619312286377,13.21738052368164
2021-08-31,23.560436248779297,5.174007415771484,8.824631690979004,,,156.2281036376953,10.074301719665527,60.599998474121094,6.199999809265137,8.72754955291748,13.496061325073242
2021-09-01,23.4431209564209,5.165223598480225,8.903953552246094,,,154.6822052001953,11.080782890319824,60.29999923706055,6.159999847412109,8.629487037658691,13.748200416564941
2021-09-02,23.736406326293945,5.1915764808654785,8.953530311584473,,,154.86407470703125,12.18221378326416,56.099998474121094,6.210000038146973,8.688323974609375,13.93398666381836
2021-09-03,23.560436248779297,5.174007415771484,8.953530311584473,,,154.6822052001953,11.650487899780273,56.650001525878906,6.170000076293945,8.590262413024902,13.761469841003418
2021-09-06,23.755956649780273,5.1915764808654785,8.913869857788086,,,154.50030517578125,12.087262153625488,57.099998474121094,6.130000114440918,8.560843467712402,13.841093063354492
2021-09-07,23.501779556274414,5.121301174163818,8.665987014770508,,,152.135986328125,11.688467979431152,57.400001525878906,6.050000190734863,8.452975273132324,13.695117950439453
2021-09-08,23.071630477905273,4.954397678375244,8.48751163482666,,,150.77194213867188,12.856366157531738,57.5,6.050000190734863,8.423556327819824,13.549142837524414
2021-09-09,23.188940048217773,5.04224157333374,8.586664199829102,,,154.22752380371094,12.685454368591309,57.54999923706055,6.130000114440918,8.482393264770508,13.841093063354492
2021-09-10,22.778343200683594,4.954397678375244,8.527173042297363,,,155.68247985839844,12.723434448242188,57.70000076293945,6.070000171661377,8.37452507019043,13.642035484313965
2021-09-13,22.44595718383789,4.96318244934082,8.913869857788086,,,154.5912628173828,12.552522659301758,57.849998474121094,6.150000095367432,8.43336296081543,13.748200416564941
2021-09-14,22.426406860351562,4.96318244934082,9.10226058959961,,,153.50003051757812,12.732930183410645,57.849998474121094,6.190000057220459,8.33530044555664,14.159584045410156
2021-09-15,22.387300491333008,4.884122848510742,9.231160163879395,,,151.31756591796875,12.381610870361328,58.04999923706055,6.139999866485596,8.217625617980957,14.49134635925293
2021-09-16,22.289541244506836,4.866553783416748,9.132006645202637,,,152.135986328125,12.125243186950684,58.099998474121094,6.170000076293945,8.168594360351562,14.345370292663574
2021-09-17,22.172225952148438,4.875338554382324,9.082429885864258,,,151.04476928710938,11.792914390563965,57.25,6.230000019073486,8.168594360351562,14.424993515014648
2021-09-20,21.702974319458008,4.699650287628174,8.814717292785645,,,150.22633361816406,11.23270320892334,58.25,6.099999904632568,8.041112899780273,14.265748023986816
2021-09-21,21.722524642944336,4.726003646850586,8.7849702835083,,,145.58859252929688,11.8403902053833,58.349998474121094,6.130000114440918,8.011693954467773,14.557697296142578
2021-09-22,22.094018936157227,4.813847541809082,8.824631690979004,,,147.5891876220703,11.878371238708496,58.45000076293945,6.269999980926514,8.021500587463379,14.703673362731934
2021-09-23,21.839839935302734,4.655728816986084,8.68581771850586,,,147.86199951171875,11.868875503540039,58.5,6.269999980926514,8.080337524414062,14.756754875183105
2021-09-24,21.859390258789062,4.5151777267456055,8.576748847961426,,,145.3157958984375,11.640993118286133,58.0,6.260000228881836,8.031306266784668,14.703673362731934
2021-09-27,21.937599182128906,4.559100151062012,8.675902366638184,,,147.04356384277344,11.460586547851562,58.45000076293945,6.409999847412109,8.001888275146484,14.862918853759766
2021-09-28,21.976703643798828,4.541531085968018,8.576748847961426,,,145.40670776367188,11.688467979431152,58.5,6.380000114440918,7.864601135253906,14.982352256774902
2021-09-29,22.250436782836914,4.60302209854126,8.547002792358398,,,146.4070281982422,11.584022521972656,58.599998474121094,6.420000076293945,8.011693954467773,14.955812454223633
2021-09-30,22.289541244506836,4.682081699371338,8.547002792358398,,,151.95411682128906,11.498567581176758,60.79999923706055,6.53000020980835,8.031306266784668,15.2079496383667
2021-10-01,23.071630477905273,4.655728816986084,8.467679977416992,,,147.95291137695312,11.40361499786377,64.0,6.519999980926514,8.031306266784668,15.061975479125977
2021-10-04,23.130287170410156,4.63815975189209,8.428019523620605,,,145.49765014648438,11.356139183044434,65.5,6.550000190734863,7.98227596282959,15.393736839294434
2021-10-05,23.110734939575195,4.629375457763672,8.48751163482666,,,141.13272094726562,11.18522834777832,66.30000305175781,6.659999847412109,7.943050861358643,16.043989181518555
2021-10-06,22.934764862060547,4.585453033447266,8.100813865661621,,,138.2227783203125,11.479576110839844,68.6500015258789,6.099999904632568,7.756731986999512,15.791851043701172
2021-10-07,23.247600555419922,4.63815975189209,8.190052032470703,,,139.7686767578125,11.669478416442871,69.05000305175781,6.230000019073486,7.864601135253906,16.335939407348633
2021-10-08,23.579988479614258,4.620591163635254,8.249543190002441,,,140.31430053710938,11.451090812683105,70.0,6.139999866485596,7.864601135253906,16.322669982910156
2021-10-11,23.775508880615234,4.67329740524292,8.219797134399414,,,146.770751953125,11.40361499786377,63.0,6.139999866485596,7.962663173675537,16.694242477416992
2021-10-12,23.46267318725586,4.664512634277344,8.29911994934082,,,146.8616943359375,11.261189460754395,66.0,6.159999847412109,7.962663173675537,16.853487014770508
2021-10-13,23.169391632080078,4.611806869506836,8.338781356811523,,,161.5023956298828,11.204218864440918,65.5,6.110000133514404,7.972469329833984,16.296127319335938
2021-10-14,22.973867416381836,4.611806869506836,8.29911994934082,,,154.86407470703125,11.251693725585938,66.5999984741211,6.110000133514404,7.952856540679932,16.588077545166016
2021-10-15,22.739242553710938,4.5151777267456055,8.358612060546875,,,150.40818786621094,11.897360801696777,66.3499984741211,6.059999942779541,7.9038262367248535,17.118898391723633
2021-10-18,22.6414794921875,4.4624714851379395,8.428019523620605,,,151.31756591796875,12.17271900177002,67.75,6.170000076293945,8.001888275146484,17.18524932861328
2021-10-19,24.010135650634766,4.594237804412842,8.765140533447266,,,154.7731475830078,12.229689598083496,68.8499984741211,6.179999828338623,7.992081642150879,17.27814292907715
2021-10-20,23.599538803100586,4.655728816986084,8.794885635375977,,,160.77490234375,12.239184379577637,69.5999984741211,6.170000076293945,8.001888275146484,17.503740310668945
2021-10-21,23.990585327148438,4.67329740524292,8.854377746582031,,,171.50537109375,12.533533096313477,70.19999694824219,6.28000020980835,8.198012351989746,18.0876407623291
2021-10-22,24.440284729003906,4.78749418258667,9.10226058959961,,,170.05038452148438,13.407081604003906,66.94999694824219,6.460000038146973,8.37452507019043,18.472484588623047
2021-10-25,25.5938663482666,4.866553783416748,9.221244812011719,,,171.50537109375,13.47354793548584,68.0999984741211,6.590000152587891,8.413749694824219,18.817514419555664
2021-10-26,26.591032028198242,4.901691436767578,9.290651321411133,,,171.8690948486328,14.052748680114746,68.5,6.5,8.580455780029297,18.552106857299805
2021-10-27,26.78655242919922,5.07737922668457,9.280735969543457,,,171.14161682128906,14.0812349319458,69.5999984741211,6.559999942779541,8.609874725341797,18.75116539001465
2021-10-28,26.8452091217041,5.1476545333862305,9.330312728881836,,,168.7772979736328,13.910321235656738,70.4000015258789,6.53000020980835,8.492199897766113,18.552106857299805
2021-11-01,26.57147789001465,5.22671365737915,9.766587257385254,,,175.05186462402344,13.48304271697998,70.44999694824219,6.559999942779541,8.364718437194824,18.286699295043945
2021-11-02,26.649688720703125,5.332126617431641,9.885571479797363,,,175.5974884033203,14.052748680114746,71.3499984741211,6.460000038146973,8.452975273132324,18.618459701538086
2021-11-03,27.43177604675293,5.446323871612549,9.915316581726074,,,183.69078063964844,14.109719276428223,72.3499984741211,6.320000171661377,8.580455780029297,18.93695068359375
2021-11-04,28.25296974182129,5.551736354827881,10.232606887817383,,,183.1451873779297,14.195175170898438,75.0,6.53000020980835,8.707937240600586,18.93695068359375
2021-11-05,28.74177360534668,5.560520648956299,10.18303108215332,,,181.32644653320312,14.94528865814209,75.25,6.679999828338623,8.639293670654297,19.281982421875
2021-11-08,28.74177360534668,5.595658779144287,10.292098999023438,,,181.2355194091797,14.574979782104492,75.44999694824219,6.820000171661377,8.79619312286377,19.587203979492188
2021-11-09,29.250133514404297,5.534167766571045,10.093792915344238,,,185.78231811523438,13.986282348632812,76.0,7.260000228881836,9.109992980957031,20.303808212280273
2021-11-10,29.34789276123047,5.622012138366699,10.480489730834961,,,185.05482482910156,14.033758163452148,76.4000015258789,7.25,9.384567260742188,20.95406150817871
2021-11-11,30.090879440307617,5.534167766571045,10.41108226776123,,,190.51100158691406,13.853351593017578,76.5999984741211,7.650000095367432,9.286504745483398,20.768274307250977
2021-11-12,29.9149112701416,5.569305419921875,10.490405082702637,,,194.69406127929688,13.99577808380127,77.5,7.650000095367432,9.374761581420898,20.648839950561523
2021-11-15,29.99311637878418,6.122722148895264,10.8671875,,,200.33209228515625,13.862846374511719,79.05000305175781,7.929999828338623,9.747397422790527,20.423242568969727
2021-11-16,31.048938751220703,6.175428867340088,10.758118629455566,,,193.05722045898438,13.283645629882812,80.1500015258789,7.929999828338623,9.767010688781738,20.423242568969727
2021-11-17,31.303117752075195,6.24570369720459,10.976255416870117,,,202.42361450195312,13.340616226196289,81.44999694824219,7.710000038146973,10.218097686767578,20.993873596191406
2021-11-18,32.476253509521484,6.368685245513916,10.887017250061035,,,205.06076049804688,13.340616226196289,83.3499984741211,7.710000038146973,10.894726753234863,20.9407901763916
2021-11-19,33.04326629638672,6.35111665725708,10.8671875,,,206.18878173828125,13.397586822509766,86.30000305175781,7.71999979019165,11.032014846801758,20.582489013671875
2021-11-22,32.94550323486328,6.315978527069092,11.01591682434082,,,214.88014221191406,13.65395450592041,89.5,7.739999771118164,10.992790222167969,20.980602264404297
2021-11-23,33.98176956176758,6.0612311363220215,10.926679611206055,,,219.59567260742188,13.293140411376953,95.5,7.929999828338623,11.718451499938965,22.41381072998047
2021-11-24,35.194007873535156,6.131506443023682,11.194392204284668,,,216.35952758789062,13.378595352172852,105.0,7.940000057220459,11.757676124572754,21.219470977783203
2021-11-25,35.917442321777344,6.0085248947143555,11.472021102905273,,,225.0509033203125,13.416576385498047,108.5,7.670000076293945,11.689032554626465,20.834627151489258
2021-11-26,36.15207290649414,5.806483745574951,11.006001472473145,,,220.98260498046875,13.48304271697998,115.5999984741211,7.579999923706055,11.70864486694336,19.77298927307129
2021-11-29,36.64087677001953,5.797699451446533,10.94650936126709,,,227.91720581054688,13.388092041015625,127.0999984741211,7.75,12.051863670349121,20.62230110168457
2021-11-30,37.344757080078125,5.727424144744873,10.906847953796387,,,227.45489501953125,13.4640531539917,129.39999389648438,7.800000190734863,12.306825637817383,20.13129234313965
2021-12-01,37.696693420410156,5.911896705627441,10.966341018676758,,,227.45489501953125,13.48304271697998,116.5,8.010000228881836,12.718688011169434,20.861167907714844
2021-12-02,37.75535202026367,5.982171535491943,11.045662879943848,,,234.38949584960938,14.043253898620605,104.9000015258789,8.170000076293945,13.061904907226562,20.701921463012695
2021-12-03,38.0095329284668,6.0436625480651855,11.28363037109375,,,240.3994903564453,13.919817924499512,101.80000305175781,8.199999809265137,12.99326229095459,20.569217681884766
2021-12-06,39.2608757019043,6.315978527069092,11.303461074829102,,,234.94427490234375,13.767895698547363,111.9000015258789,8.449999809265137,13.081518173217773,20.834627151489258
2021-12-07,39.28042984008789,6.333547592163086,11.442275047302246,,,238.64271545410156,13.986282348632812,115.0,8.550000190734863,14.385747909545898,21.670665740966797
2021-12-08,41.548484802246094,6.509235382080078,11.43235969543457,,,238.180419921875,13.891331672668457,121.19999694824219,8.619999885559082,14.601485252380371,21.72374725341797
2021-12-09,42.42833709716797,6.518019676208496,11.382782936096191,,,242.8959503173828,13.701430320739746,128.6999969482422,8.9399995803833,15.101602554321289,21.869722366333008
2021-12-10,43.97296142578125,6.386253833770752,11.253885269165039,,,239.01255798339844,13.66344928741455,129.3000030517578,9.270000457763672,15.48404598236084,22.957901000976562
2021-12-13,46.43654251098633,6.597079753875732,11.362953186035156,,,246.96424865722656,13.767895698547363,117.4000015258789,9.9399995803833,15.827263832092285,25.028093338012695
2021-12-14,46.92534637451172,6.948454856872559,11.234053611755371,,,261.0183410644531,13.559002876281738,114.69999694824219,10.140000343322754,16.268545150756836,25.373125076293945
2021-12-15,45.771766662597656,6.913317680358887,11.650497436523438,,,260.37115478515625,13.198189735412598,111.5,10.369999885559082,15.915519714355469,25.69161605834961
2021-12-16,44.031620025634766,7.220771312713623,11.918210983276367,,,276.9217224121094,13.47354793548584,110.9000015258789,10.609999656677246,17.36684226989746,27.376964569091797
2021-12-17,39.63236618041992,6.50045108795166,11.224138259887695,,,249.27578735351562,12.134737968444824,103.0,9.699999809265137,15.631138801574707,24.762683868408203
2021-12-20,39.39773941040039,6.438960075378418,11.422445297241211,,,258.429443359375,12.315145492553711,99.8499984741211,9.59000015258789,16.062612533569336,24.51054573059082
2021-12-21,37.520729064941406,6.368685245513916,11.006001472473145,,,232.6327362060547,12.52403736114502,107.5,8.640000343322754,14.464197158813477,22.06877899169922
2021-12-22,35.194007873535156,6.667354583740234,11.105154991149902,,,209.42494201660156,12.305649757385254,102.5,7.78000020980835,13.022680282592773,19.865882873535156
2021-12-23,38.400577545166016,6.693707466125488,12.047109603881836,,,205.26416015625,12.18221378326416,106.5,7.739999771118164,12.640237808227539,18.963491439819336
2021-12-24,39.49550247192383,6.693707466125488,11.95787239074707,,,224.7735137939453,12.713939666748047,107.4000015258789,8.119999885559082,13.532605171203613,20.516136169433594
2021-12-27,40.766395568847656,6.878180027008057,12.483384132385254,,,225.69813537597656,12.865861892700195,105.0,8.010000228881836,13.28744888305664,20.277267456054688
2021-12-28,37.696693420410156,6.46531343460083,12.324738502502441,,,220.15045166015625,12.48605728149414,103.69999694824219,7.820000171661377,13.150161743164062,19.852611541748047
2021-12-29,37.38386154174805,6.456529140472412,12.176008224487305,,,224.58859252929688,12.343629837036133,106.4000015258789,8.050000190734863,13.581636428833008,20.728464126586914
2021-12-30,37.14923095703125,6.447744846343994,12.176008224487305,,,221.35243225097656,12.239184379577637,112.0,7.739999771118164,13.208999633789062,20.2507266998291
2021-12-31,38.43968200683594,6.32476282119751,12.294992446899414,,,220.15045166015625,12.343629837036133,115.0,7.800000190734863,13.120742797851562,20.489595413208008
2022-01-03,38.88937759399414,6.438960075378418,12.532960891723633,,,232.81765747070312,12.894346237182617,119.9000015258789,8.079999923706055,13.591442108154297,22.06877899169922
2022-01-04,38.32236862182617,6.386253833770752,12.542875289916992,,,235.40658569335938,13.150713920593262,116.5999984741211,8.1899995803833,13.983692169189453,22.49343490600586
2022-01-05,37.696693420410156,6.447744846343994,12.513129234313965,,,241.23162841796875,13.540013313293457,114.0,8.84000015258789,14.13078498840332,23.74085807800293
2022-01-06,38.3419189453125,6.430176258087158,12.126431465148926,,,239.28994750976562,14.252145767211914,111.19999694824219,9.380000114440918,14.562259674072266,24.8024959564209
2022-01-07,37.81401062011719,6.693707466125488,12.166093826293945,,,237.53318786621094,14.157195091247559,113.9000015258789,9.449999809265137,14.572065353393555,24.8024959564209
2022-01-10,37.32520294189453,6.658570289611816,12.314823150634766,,,233.64979553222656,14.119214057922363,118.4000015258789,9.649999618530273,14.611289978027344,24.829036712646484
2022-01-11,36.66042709350586,6.6849236488342285,12.84033489227295,,,235.31411743164062,14.508513450622559,119.5,9.449999809265137,14.474003791809082,24.855575561523438
2022-01-12,36.09341049194336,6.7024922370910645,13.693053245544434,,,234.75933837890625,14.242650032043457,117.30000305175781,9.550000190734863,14.895670890808105,25.107715606689453
2022-01-13,35.74147415161133,6.641001224517822,14.307802200317383,,,254.82345581054688,14.4325532913208,117.19999694824219,9.600000381469727,14.758384704589844,25.094444274902344
2022-01-14,36.386695861816406,6.597079753875732,14.020257949829102,,,252.0496063232422,14.328106880187988,116.9000015258789,9.510000228881836,14.777996063232422,24.762683868408203
2022-01-17,36.19117736816406,6.8079047203063965,14.525938987731934,,,246.2245330810547,15.29660701751709,112.0,9.619999885559082,14.630903244018555,25.094444274902344
2022-01-18,34.3728141784668,6.509235382080078,13.306355476379395,,,233.64979553222656,15.496004104614258,100.80000305175781,8.739999771118164,13.905241966247559,23.72758674621582
2022-01-19,35.194007873535156,6.922101974487305,14.129325866699219,,,250.01544189453125,16.10369110107422,91.94999694824219,9.180000305175781,13.944466590881348,24.789226531982422
2022-01-20,34.411922454833984,6.886964797973633,15.02170467376709,,,243.26580810546875,15.619440078735352,85.05000305175781,8.859999656677246,13.522798538208008,23.93991470336914
2022-01-21,34.138187408447266,6.957239627838135,14.962213516235352,,,238.180419921875,17.07219123840332,86.05000305175781,8.920000076293945,13.650279998779297,23.780670166015625
2022-01-24,31.928789138793945,6.658570289611816,14.843229293823242,,,221.25997924804688,17.537450790405273,82.0999984741211,8.270000457763672,12.797137260437012,22.082050323486328
2022-01-25,32.16341781616211,6.76398229598999,15.269587516784668,,,229.21163940429688,17.689373016357422,73.9000015258789,8.369999885559082,13.101130485534668,22.29437828063965
2022-01-26,33.5711784362793,6.76398229598999,15.7752685546875,,,224.68104553222656,19.445966720581055,66.55000305175781,8.680000305175781,13.101130485534668,22.161672592163086
2022-01-27,36.347591400146484,6.8166890144348145,17.351804733276367,,,231.33827209472656,21.382966995239258,72.05000305175781,8.8100004196167,13.542411804199219,22.85173797607422
2022-01-28,35.42863845825195,6.790335655212402,18.482149124145508,,,229.85888671875,22.807231903076172,69.5,8.699999809265137,13.297255516052246,22.387271881103516
2022-01-31,37.01237106323242,7.062652111053467,18.442489624023438,,,229.3041229248047,22.08560562133789,62.54999923706055,8.619999885559082,13.532605171203613,22.719032287597656
2022-02-01,38.59609603881836,7.027514457702637,18.839101791381836,,,233.37240600585938,21.705801010131836,56.29999923706055,8.699999809265137,13.856210708618164,22.453624725341797
2022-02-02,38.49833679199219,7.132927417755127,18.04587745666504,,,226.25289916992188,21.32599639892578,55.400001525878906,8.520000457763672,13.650279998779297,22.49343490600586
2022-02-03,36.54311752319336,6.825473308563232,17.550111770629883,,,221.8147430419922,23.111074447631836,50.79999923706055,8.229999542236328,13.28744888305664,22.21475601196289
2022-02-04,36.0543098449707,6.860611438751221,17.897146224975586,,,218.0238494873047,24.6872615814209,50.0,8.149999618530273,13.130549430847168,21.962615966796875
2022-02-07,35.42863845825195,6.886964797973633,17.916976928710938,,,224.58859252929688,24.53533935546875,48.400001525878906,8.300000190734863,13.552217483520508,22.75884437561035
2022-02-08,35.05714416503906,6.957239627838135,17.728586196899414,,,226.1604461669922,24.041593551635742,50.0,8.329999923706055,13.836597442626953,24.377840042114258
2022-02-09,35.897891998291016,7.141711711883545,18.016130447387695,,,230.22874450683594,24.87716293334961,48.52000045776367,8.430000305175781,13.983692169189453,24.749412536621094
2022-02-10,35.74147415161133,7.062652111053467,18.432573318481445,,,226.4378204345703,24.117555618286133,46.959999084472656,8.270000457763672,13.650279998779297,25.21388053894043
2022-02-11,35.78057861328125,7.132927417755127,18.0954532623291,,,231.98548889160156,23.035114288330078,49.41999816894531,8.3100004196167,13.601248741149902,26.235706329345703
2022-02-14,34.607444763183594,7.009945869445801,18.591218948364258,,,223.9413604736328,22.408437728881836,47.79999923706055,8.050000190734863,13.081518173217773,25.718158721923828
2022-02-15,34.82251739501953,7.097789764404297,18.660625457763672,,,234.57440185546875,22.61733055114746,47.560001373291016,8.3100004196167,13.208999633789062,25.83759117126465
2022-02-16,35.702369689941406,6.974808216094971,19.007661819458008,,,244.74517822265625,22.389446258544922,47.380001068115234,8.25,13.208999633789062,25.957027435302734
2022-02-17,34.97893524169922,6.886964797973633,19.17622184753418,,,242.15625,21.629838943481445,46.34000015258789,8.100000381469727,12.826556205749512,25.34658432006836
2022-02-18,35.194007873535156,6.983592510223389,19.72156524658203,,,244.93008422851562,21.64883041381836,45.79999923706055,8.109999656677246,13.032486915588379,25.519100189208984
2022-02-21,34.783416748046875,6.957239627838135,19.275375366210938,,,249.64561462402344,21.876710891723633,45.47999954223633,8.130000114440918,12.944231033325195,25.13425636291504
2022-02-22,34.09908676147461,6.930886268615723,18.541643142700195,,,247.24160766601562,21.629838943481445,44.31999969482422,8.109999656677246,12.718688011169434,24.43092155456543
2022-02-23,34.2359504699707,6.8166890144348145,18.273929595947266,,,244.74517822265625,23.05410385131836,44.2599983215332,8.130000114440918,12.620624542236328,24.404380798339844
2022-02-24,31.283565521240234,6.1402907371521,16.44951057434082,,,220.3353729248047,20.756288528442383,39.84000015258789,7.320000171661377,11.512519836425781,22.14840316772461
2022-02-25,32.085208892822266,6.298409938812256,17.857484817504883,,,240.3994903564453,22.066612243652344,41.41999816894531,7.730000019073486,12.06166934967041,23.873563766479492
2022-02-28,31.596399307250977,6.175428867340088,18.065706253051758,,,249.27578735351562,22.88319206237793,41.7599983215332,7.75,12.140119552612305,25.598722457885742
2022-03-01,31.303117752075195,6.184212684631348,18.432573318481445,,,244.00547790527344,24.611299514770508,42.97999954223633,7.75,11.973413467407227,25.62526512145996
2022-03-02,32.22207260131836,6.21056604385376,18.938255310058594,,,237.62564086914062,25.351919174194336,44.70000076293945,7.639999866485596,11.845932006835938,25.519100189208984
2022-03-03,31.772369384765625,6.272056579589844,19.334867477416992,,,240.67684936523438,25.92162322998047,46.52000045776367,7.900000095367432,12.002832412719727,26.089731216430664
2022-03-04,31.185802459716797,6.166644096374512,18.74986457824707,,,231.0608673095703,26.225467681884766,44.880001068115234,8.0,11.82632064819336,25.943756103515625
2022-03-07,30.99028205871582,6.087584495544434,18.026046752929688,,,227.54734802246094,27.49781036376953,42.599998474121094,8.0600004196167,11.904769897460938,25.62526512145996
2022-03-08,31.068492889404297,6.0612311363220215,17.916976928710938,,,222.64691162109375,26.453350067138672,41.959999084472656,7.929999828338623,12.659850120544434,25.957027435302734
2022-03-09,31.420429229736328,6.236918926239014,17.92689323425293,,,224.40367126464844,26.43436050415039,41.400001525878906,8.050000190734863,12.846168518066406,26.010108947753906
2022-03-10,31.068492889404297,6.149075508117676,18.293760299682617,,,219.59567260742188,25.883644104003906,41.099998474121094,8.119999885559082,12.90500545501709,27.323883056640625
2022-03-11,31.87013053894043,6.228135108947754,19.364614486694336,,,225.51321411132812,26.529312133789062,41.41999816894531,8.140000343322754,13.267836570739746,27.191177368164062
2022-03-14,33.45386505126953,6.28962516784668,20.782503128051758,,,247.98133850097656,26.529312133789062,42.7599983215332,8.430000305175781,13.571829795837402,26.912498474121094
2022-03-15,32.789085388183594,6.298409938812256,20.723011016845703,,,252.60440063476562,25.31393814086914,41.599998474121094,8.350000381469727,13.326674461364746,25.74469757080078
2022-03-16,33.53207015991211,6.35990047454834,20.326398849487305,,,264.9017333984375,24.630290985107422,41.31999969482422,8.380000114440918,13.199193000793457,25.479290008544922
2022-03-17,34.15774154663086,6.50045108795166,20.38589096069336,,,280.3428039550781,24.36442756652832,41.279998779296875,8.460000038146973,13.44434928894043,26.31532859802246
2022-03-18,33.86445999145508,6.50045108795166,21.516237258911133,,,272.39111328125,26.320417404174805,41.279998779296875,8.65999984741211,13.395317077636719,26.010108947753906
2022-03-21,33.727596282958984,6.597079753875732,22.289630889892578,,,276.9217224121094,26.9281063079834,42.720001220703125,8.770000457763672,13.82679271697998,27.058473587036133
2022-03-22,33.6689338684082,6.676138877868652,22.269800186157227,,,288.3869323730469,26.662242889404297,42.34000015258789,8.829999923706055,14.071948051452637,27.41677474975586
2022-03-23,33.04326629638672,6.658570289611816,22.03183364868164,,,292.1778259277344,27.535791397094727,46.560001373291016,8.720000267028809,13.875823020935059,27.29734230041504
2022-03-24,32.92595291137695,6.518019676208496,21.833528518676758,,,287.3564147949219,27.174978256225586,48.41999816894531,8.720000267028809,14.032723426818848,27.244260787963867
2022-03-25,35.389530181884766,6.386253833770752,21.75420570373535,,,282.53497314453125,27.440841674804688,48.720001220703125,8.680000305175781,13.964078903198242,27.376964569091797
2022-03-28,36.40625,6.342331886291504,22.86471939086914,,,280.6064453125,26.3583984375,48.119998931884766,8.649999618530273,13.924854278564453,27.244260787963867
2022-03-29,36.50401306152344,6.447744846343994,23.757097244262695,,,286.4885559082031,25.82667350769043,47.0,9.069999694824219,14.807415962219238,27.390235900878906
2022-03-30,36.24983215332031,6.631914138793945,23.717437744140625,,,290.9242858886719,26.01657485961914,47.099998474121094,8.979999542236328,14.836833953857422,27.390235900878906
2022-03-31,35.819679260253906,6.586552619934082,23.757097244262695,,,288.03143310546875,26.01657485961914,46.97999954223633,9.029999732971191,14.915284156799316,28.451871871948242
2022-04-01,37.44252014160156,6.631914138793945,23.77692985534668,,,290.442138671875,26.301427841186523,46.29999923706055,9.399999618530273,15.072183609008789,30.177032470703125
2022-04-04,37.61848831176758,7.003881931304932,23.93557357788086,,,298.9278259277344,25.750713348388672,46.20000076293945,9.720000267028809,15.954745292663574,32.10124969482422
2022-04-05,39.084903717041016,6.967592239379883,24.411510467529297,,,302.6885070800781,25.636770248413086,45.70000076293945,9.75,16.219514846801758,31.981815338134766
2022-04-06,38.63520431518555,6.976665019989014,25.343549728393555,,,304.03851318359375,24.89615249633789,45.0,10.079999923706055,15.984163284301758,31.942007064819336
2022-04-07,38.420127868652344,7.294198513031006,26.09711265563965,,,300.7599182128906,26.035566329956055,45.0,10.029999732971191,16.356800079345703,31.636781692504883
2022-04-08,38.18550491333008,7.711528301239014,27.405935287475586,,,297.095703125,26.377389907836914,45.0,10.050000190734863,16.572538375854492,32.406471252441406
2022-04-11,38.713409423828125,8.301233291625977,26.969661712646484,,,295.0706787109375,25.978595733642578,44.86000061035156,10.25,16.72943687438965,32.73823547363281
2022-04-12,41.60714340209961,8.26494312286377,26.969661712646484,,,294.58856201171875,25.503841400146484,44.08000183105469,10.470000267028809,16.93536949157715,33.61408233642578
2022-04-13,40.121177673339844,8.156074523925781,26.751523971557617,,,291.2135314941406,25.769702911376953,43.29999923706055,10.449999809265137,17.023624420166016,33.998924255371094
2022-04-14,40.29714584350586,8.38288402557373,27.148136138916016,,,291.5028076171875,26.33940887451172,45.400001525878906,10.420000076293945,17.013818740844727,34.39704132080078
2022-04-15,40.23848342895508,8.528042793273926,28.218990325927734,,,295.0706787109375,26.225467681884766,45.099998474121094,10.3100004196167,17.082462310791016,34.4633903503418
2022-04-18,40.14072799682617,8.65505599975586,27.76288604736328,,,300.95281982421875,26.643253326416016,46.439998626708984,10.220000267028809,17.719867706298828,33.375213623046875
2022-04-19,40.336246490478516,8.50989818572998,27.405935287475586,,,298.6385498046875,28.067516326904297,48.0,10.279999732971191,17.62180519104004,33.94584655761719
2022-04-20,40.766395568847656,8.59154987335205,27.961193084716797,,,299.89208984375,28.105497360229492,48.15999984741211,10.760000228881836,17.808122634887695,33.77333068847656
2022-04-21,40.473114013671875,8.645983695983887,27.70339584350586,,,301.3385314941406,29.017026901245117,48.68000030517578,10.710000038146973,17.925798416137695,34.17144012451172
2022-04-22,38.713409423828125,8.292160987854004,26.731693267822266,,,290.6349792480469,28.485301971435547,50.75,10.100000381469727,17.48451805114746,33.706974029541016
2022-04-25,39.14356231689453,8.491752624511719,26.196266174316406,,,294.00994873046875,29.605724334716797,50.5,10.0,17.58258056640625,34.423580169677734
2022-04-26,38.14639663696289,8.192364692687988,25.7203311920166,,,288.9956970214844,30.213409423828125,46.779998779296875,9.579999923706055,17.268781661987305,32.51263427734375
2022-04-27,38.420127868652344,8.301233291625977,26.077281951904297,,,293.624267578125,30.194419860839844,46.0,9.649999618530273,17.47471046447754,32.57898712158203
2022-04-28,38.517887115478516,8.137930870056152,25.383211135864258,,,286.3921203613281,30.479272842407227,45.79999923706055,9.4399995803833,17.36684226989746,31.583702087402344
2022-04-29,40.082069396972656,8.092568397521973,26.63254165649414,,,288.2242736816406,29.244909286499023,47.02000045776367,9.539999961853027,17.76889991760254,31.079423904418945
2022-05-05,40.29714584350586,7.965554714202881,26.93000030517578,,,288.6099548339844,28.61823272705078,48.400001525878906,9.819999694824219,18.445528030395508,32.55244827270508
2022-05-06,40.531768798828125,7.911120891571045,26.940000534057617,,,284.46356201171875,29.244909286499023,48.20000076293945,10.050000190734863,19.01428985595703,33.8662223815918
2022-05-09,40.06251525878906,7.856686115264893,28.15999984741211,,,285.3314208984375,29.472793579101562,47.47999954223633,10.100000381469727,18.886810302734375,32.55244827270508
2022-05-10,40.17982864379883,7.911120891571045,28.059999465942383,,,286.874267578125,29.35885238647461,47.47999954223633,10.25,19.2496395111084,33.21596908569336
2022-05-11,37.44252014160156,7.684311389923096,27.799999237060547,,,283.11358642578125,29.529762268066406,46.70000076293945,10.199999809265137,19.573244094848633,33.4150276184082
2022-05-12,36.46490478515625,7.502863883972168,26.200000762939453,,,274.62786865234375,28.922077178955078,45.400001525878906,9.779999732971191,19.22022247314453,33.481380462646484
2022-05-13,36.67998123168945,7.484718322753906,26.979999542236328,,,271.9278869628906,29.017026901245117,45.779998779296875,10.149999618530273,19.328088760375977,33.998924255371094
2022-05-16,35.956546783447266,7.230691432952881,27.34000015258789,,,269.80645751953125,28.8651065826416,45.099998474121094,9.850000381469727,18.92603302001953,34.06528091430664
2022-05-17,35.1549072265625,7.121822834014893,27.299999237060547,,,269.0350341796875,29.339859008789062,44.81999969482422,9.75,19.524213790893555,34.1050910949707
2022-05-18,34.74431228637695,7.3577046394348145,26.84000015258789,,,268.7457580566406,28.75116539001465,44.380001068115234,9.520000457763672,19.524213790893555,33.30886459350586
2022-05-20,33.844905853271484,7.294198513031006,26.8799991607666,,,263.7314758300781,28.656213760375977,43.540000915527344,9.239999771118164,19.04370880126953,32.91074752807617
2022-05-23,34.49012756347656,7.403066635131836,27.600000381469727,,,273.7600402832031,28.67520523071289,43.81999969482422,9.130000114440918,18.975065231323242,32.99037170410156
2022-05-24,34.49012756347656,7.312343597412109,27.799999237060547,,,271.1564636230469,28.61823272705078,43.779998779296875,9.199999809265137,19.435958862304688,32.43301010131836
2022-05-25,34.791748046875,7.412139415740967,27.899999618530273,,,273.1814270019531,28.523283004760742,43.900001525878906,9.460000038146973,20.632320404052734,33.096534729003906
2022-05-26,35.441505432128906,7.430283546447754,28.280000686645508,,,272.8921813964844,28.40934181213379,44.099998474121094,9.670000076293945,20.495031356811523,33.85295104980469
2022-05-27,34.90988540649414,7.312343597412109,27.860000610351562,,,274.91717529296875,27.896604537963867,43.52000045776367,9.550000190734863,20.00472068786621,33.22924041748047
2022-05-30,38.39496612548828,7.466573238372803,29.68000030517578,,,290.249267578125,28.485301971435547,43.91999816894531,9.859999656677246,20.651931762695312,34.37049865722656
2022-05-31,39.34007263183594,7.584514617919922,29.899999618530273,,,298.5421142578125,27.915597915649414,43.65999984741211,9.920000076293945,20.979999542236328,35.976226806640625
2022-06-01,39.57635498046875,7.675238609313965,31.020000457763672,,,295.0706787109375,28.314390182495117,43.439998626708984,10.09000015258789,20.959999084472656,36.01603698730469
2022-06-02,38.82814025878906,8.010916709899902,30.84000015258789,,,301.7242126464844,28.18145751953125,43.119998931884766,10.3100004196167,21.020000457763672,35.962955474853516
2022-06-03,38.41465759277344,7.947410583496094,32.36000061035156,,,300.0849609375,29.662694931030273,42.97999954223633,10.100000381469727,20.81999969482422,36.400882720947266
2022-06-06,38.887210845947266,8.255871772766113,32.7400016784668,,,305.1956481933594,31.44777488708496,43.47999954223633,10.220000267028809,21.8799991607666,37.356353759765625
2022-06-07,38.39496612548828,8.047205924987793,33.63999938964844,,,299.12066650390625,31.56171417236328,43.040000915527344,10.399999618530273,23.079999923706055,38.0066032409668
2022-06-08,37.2332763671875,7.502863883972168,31.799999237060547,,,285.8135681152344,31.333833694458008,41.5,9.90999984741211,21.860000610351562,35.989498138427734
2022-06-09,37.41048049926758,7.5935869216918945,32.7599983215332,,,286.58502197265625,31.71363639831543,41.540000915527344,9.979999542236328,22.959999084472656,36.984779357910156
2022-06-10,38.788761138916016,7.729673385620117,33.47999954223633,,,286.874267578125,30.403310775756836,41.20000076293945,9.699999809265137,22.219999313354492,35.69754409790039
2022-06-13,38.2965202331543,7.693382740020752,31.399999618530273,,,276.7492980957031,29.149959564208984,41.400001525878906,9.539999961853027,22.15999984741211,36.04257583618164
2022-06-14,38.138999938964844,7.648021697998047,31.3799991607666,,,278.2921447753906,29.396831512451172,41.599998474121094,9.539999961853027,21.940000534057617,35.883331298828125
2022-06-15,39.477901458740234,7.856686115264893,33.20000076293945,,,283.499267578125,29.49178123474121,43.2400016784668,9.630000114440918,21.799999237060547,35.4852180480957
2022-06-16,41.348426818847656,7.684311389923096,33.279998779296875,,,275.4957580566406,29.168949127197266,42.459999084472656,9.359999656677246,21.059999465942383,35.00748062133789
2022-06-17,41.328739166259766,8.255871772766113,33.439998626708984,,,281.18499755859375,29.434812545776367,44.2599983215332,9.460000038146973,21.899999618530273,35.617923736572266
2022-06-20,42.569190979003906,8.210509300231934,33.08000183105469,,,282.6314392089844,30.384323120117188,47.68000030517578,9.579999923706055,22.399999618530273,34.5562858581543
2022-06-21,42.13601303100586,8.283088684082031,34.68000030517578,,,291.8885803222656,30.0045166015625,46.08000183105469,9.75,22.6200008392334,35.47195053100586
2022-06-22,44.49878692626953,8.24679946899414,34.63999938964844,,,298.5421142578125,29.81461524963379,44.5,9.619999885559082,22.200000762939453,35.36578369140625
2022-06-23,44.49878692626953,8.00184440612793,35.41999816894531,,,291.2135314941406,29.81461524963379,44.5,9.460000038146973,21.559999465942383,35.37905502319336
2022-06-24,46.34961700439453,7.956482887268066,36.02000045776367,,,288.3207092285156,29.434812545776367,44.5,9.5,21.760000228881836,35.41886520385742
2022-06-27,46.093650817871094,7.793179512023926,34.86000061035156,,,289.1885681152344,28.713184356689453,44.0,9.300000190734863,21.799999237060547,36.18855285644531
2022-06-28,49.22431564331055,7.539153099060059,34.599998474121094,,,277.7135925292969,28.713184356689453,42.459999084472656,9.140000343322754,21.420000076293945,35.45867919921875
2022-06-29,48.16107177734375,7.2760539054870605,33.02000045776367,,,261.4172058105469,28.8651065826416,41.36000061035156,8.829999923706055,20.68000030517578,34.80842590332031
2022-06-30,46.70402908325195,7.2760539054870605,32.79999923706055,,,257.463623046875,28.466310501098633,42.0,8.819999694824219,21.5,35.10037612915039
2022-07-01,48.88959503173828,7.403066635131836,32.7599983215332,,,261.80291748046875,28.94106674194336,42.099998474121094,8.84000015258789,21.34000015258789,35.631195068359375
2022-07-04,48.082313537597656,7.2125468254089355,31.18000030517578,,,256.1136474609375,28.75116539001465,41.540000915527344,8.649999618530273,21.200000762939453,35.10037612915039
2022-07-05,47.80665969848633,7.076461315155029,31.700000762939453,,,247.04937744140625,28.546875,41.040000915527344,8.369999885559082,21.0,33.8662223815918
2022-07-06,48.2004508972168,7.176257133483887,31.860000610351562,,,254.86004638671875,28.661062240600586,41.58000183105469,8.34000015258789,21.360000610351562,32.48609161376953
2022-07-07,49.1849365234375,7.312343597412109,31.959999084472656,,,260.4529113769531,29.117813110351562,42.400001525878906,8.359999656677246,21.420000076293945,32.45955276489258
2022-07-08,53.063812255859375,7.339560508728027,31.739999771118164,,,264.2135925292969,29.40328025817871,42.20000076293945,8.359999656677246,21.520000457763672,32.260498046875
2022-07-13,55.08201217651367,7.221619129180908,31.700000762939453,,,253.12435913085938,30.64031219482422,41.81999969482422,8.210000038146973,20.81999969482422,30.946720123291016
2022-07-14,55.3281364440918,7.176257133483887,32.959999084472656,,,248.7850799560547,29.46037483215332,42.15999984741211,8.100000381469727,20.34000015258789,30.23011589050293
2022-07-18,54.98356246948242,7.502863883972168,34.18000030517578,,,251.9672088623047,29.270063400268555,42.79999923706055,8.449999809265137,20.65999984741211,32.313575744628906
2022-07-19,57.69089889526367,7.711528301239014,34.060001373291016,,,252.0636444091797,29.23200035095215,43.29999923706055,8.720000267028809,21.18000030517578,32.45955276489258
2022-07-20,57.69089889526367,7.765962600708008,33.900001525878906,,,252.35293579101562,29.079750061035156,43.459999084472656,9.050000190734863,21.18000030517578,33.77333068847656
2022-07-21,57.69089889526367,7.784107208251953,35.79999923706055,,,256.3064880371094,29.041688919067383,43.060001373291016,8.890000343322754,21.139999389648438,33.05672073364258
2022-07-22,58.675384521484375,7.8385419845581055,36.63999938964844,,,256.49932861328125,28.794281005859375,43.08000183105469,8.8100004196167,20.940000534057617,32.92401885986328
2022-07-25,56.80486297607422,8.11978530883789,36.2599983215332,,,265.6600341796875,28.775249481201172,43.099998474121094,8.949999809265137,21.239999771118164,33.57427215576172
2022-07-26,59.16762924194336,7.902048110961914,37.47999954223633,,,275.7850036621094,28.60396957397461,43.2599983215332,8.8100004196167,21.040000915527344,34.21125411987305
2022-07-27,61.678070068359375,8.010916709899902,38.439998626708984,,,271.25286865234375,28.68009376525879,43.31999969482422,8.800000190734863,21.139999389648438,34.158172607421875
2022-07-28,62.31798553466797,7.720600605010986,38.18000030517578,,,274.82073974609375,28.7371883392334,43.400001525878906,8.75,21.239999771118164,34.144901275634766
2022-07-29,68.27412414550781,7.829469203948975,38.91999816894531,,,291.9849853515625,28.794281005859375,43.5,8.979999542236328,21.81999969482422,35.617923736572266
2022-08-01,74.96863555908203,8.029062271118164,39.97999954223633,,,292.2742614746094,29.17490577697754,44.18000030517578,9.180000305175781,23.100000381469727,36.228363037109375
2022-08-02,73.49191284179688,7.974627494812012,39.2599983215332,,,298.5421142578125,29.308124542236328,42.880001068115234,9.0600004196167,22.860000610351562,35.93641662597656
2022-08-03,77.13450622558594,8.065351486206055,39.08000183105469,,,296.90283203125,29.441343307495117,42.65999984741211,9.069999694824219,23.280000686645508,36.228363037109375
2022-08-04,75.80545043945312,8.26494312286377,39.119998931884766,,,300.95281982421875,29.87906265258789,43.400001525878906,9.170000076293945,23.760000228881836,35.883331298828125
2022-08-05,78.66046142578125,8.500825881958008,38.939998626708984,,,303.07421875,32.86697006225586,43.220001220703125,9.229999542236328,23.399999618530273,35.69754409790039
2022-08-08,77.08528137207031,8.419174194335938,39.41999816894531,,,312.4277648925781,32.08668899536133,44.13999938964844,9.449999809265137,23.899999618530273,36.294715881347656
2022-08-09,75.80545043945312,8.600621223449707,38.86000061035156,,,309.3420715332031,32.2960319519043,43.779998779296875,9.350000381469727,23.579999923706055,37.781009674072266
2022-08-10,76.98683166503906,8.890938758850098,39.86000061035156,,,317.5384521484375,34.732032775878906,44.31999969482422,9.460000038146973,24.0,37.72792434692383
2022-08-11,76.34691619873047,9.135892868041992,39.2400016784668,,,317.9242248535156,34.92234420776367,44.5,9.390000343322754,24.239999771118164,38.749752044677734
2022-08-12,79.25115203857422,9.072385787963867,39.52000045776367,,,326.12060546875,34.63687515258789,43.81999969482422,9.8100004196167,24.219999313354492,38.96207809448242
2022-08-15,80.77710723876953,9.271978378295898,41.20000076293945,,,319.1777648925781,35.75971984863281,43.900001525878906,9.949999809265137,23.700000762939453,38.15258026123047
2022-08-16,72.70431518554688,9.598584175109863,42.36000061035156,,,326.4098815917969,35.16975021362305,43.65999984741211,10.539999961853027,23.899999618530273,39.798118591308594
2022-08-17,71.47370910644531,10.260869026184082,43.779998779296875,,,325.63848876953125,35.226844787597656,43.900001525878906,10.729999542236328,24.260000228881836,40.541263580322266
2022-08-18,69.5047378540039,10.015913963317871,43.279998779296875,,,331.52056884765625,36.52096939086914,43.459999084472656,11.0600004196167,25.5,43.65982437133789
2022-08-19,68.91404724121094,9.616729736328125,47.15999984741211,,,322.8420104980469,35.74068832397461,43.52000045776367,11.600000381469727,25.719999313354492,43.38114547729492
2022-08-22,70.5876693725586,9.761887550354004,46.7599983215332,,,320.43133544921875,35.930999755859375,45.099998474121094,11.970000267028809,25.3799991607666,42.89013671875
2022-08-23,69.5047378540039,10.415099143981934,46.29999923706055,,,326.7956237792969,36.52096939086914,45.040000915527344,12.0,25.6200008392334,45.239009857177734
2022-08-24,67.9787826538086,10.043130874633789,46.18000030517578,,,318.69561767578125,35.83584213256836,43.900001525878906,11.449999809265137,24.5,45.252281188964844
2022-08-25,72.7535400390625,10.868718147277832,46.18000030517578,,,323.13134765625,35.89293670654297,44.0,11.90999984741211,24.84000015258789,46.260833740234375
2022-08-26,71.62138366699219,10.868718147277832,46.58000183105469,,,326.7956237792969,36.90159225463867,43.540000915527344,13.100000381469727,24.5,45.61058044433594
2022-08-29,70.19387817382812,10.787067413330078,47.29999923706055,,,326.6027526855469,40.574623107910156,43.2599983215332,13.449999809265137,24.81999969482422,47.919639587402344
2022-08-31,73.09811401367188,10.63283634185791,49.5,,,320.04559326171875,43.52446746826172,43.720001220703125,14.420000076293945,24.780000686645508,47.6807746887207
2022-09-01,72.06439971923828,10.750778198242188,53.95000076293945,,,316.092041015625,47.0,43.459999084472656,13.899999618530273,23.899999618530273,44.97359848022461
2022-09-02,72.01517486572266,11.821318626403809,53.04999923706055,,,322.552734375,46.439998626708984,43.540000915527344,13.930000305175781,24.959999084472656,44.69491958618164
2022-09-05,72.60586547851562,12.8737154006958,53.45000076293945,,,323.9991760253906,45.040000915527344,44.13999938964844,14.010000228881836,25.739999771118164,44.78781509399414
2022-09-06,77.28218078613281,14.125704765319824,52.70000076293945,,,324.5777587890625,42.880001068115234,43.380001068115234,13.729999542236328,25.540000915527344,44.56221389770508
2022-09-07,76.5930404663086,14.234573364257812,54.349998474121094,,,325.9277648925781,43.91999816894531,43.34000015258789,13.869999885559082,26.280000686645508,44.947059631347656
2022-09-08,77.7251968383789,13.744664192199707,55.45000076293945,,,338.46343994140625,43.2599983215332,43.36000061035156,15.149999618530273,25.899999618530273,44.522403717041016
2022-09-09,79.34960174560547,14.443238258361816,55.599998474121094,,,338.46343994140625,43.91999816894531,43.400001525878906,14.960000038146973,26.200000762939453,44.49586486816406
2022-09-12,85.65031433105469,15.885747909545898,54.400001525878906,,,342.7062683105469,43.959999084472656,43.70000076293945,15.25,28.0,44.7347297668457
2022-09-13,86.73324584960938,14.298080444335938,53.70000076293945,,,331.0384521484375,42.220001220703125,42.099998474121094,13.729999542236328,26.200000762939453,43.7129020690918
2022-09-14,93.67387390136719,12.8737154006958,56.5,,,343.18841552734375,43.380001068115234,42.34000015258789,14.170000076293945,26.540000915527344,45.212467193603516
2022-09-15,88.70221710205078,11.59450912475586,58.900001525878906,,,341.1634216308594,42.81999969482422,42.619998931884766,13.960000038146973,26.65999984741211,44.456050872802734
2022-09-16,89.73593139648438,11.05923843383789,58.900001525878906,,,341.1634216308594,43.720001220703125,42.7599983215332,13.949999809265137,27.059999465942383,44.16410446166992
2022-09-19,85.60108184814453,10.034059524536133,60.79999923706055,,,325.0599060058594,43.13999938964844,42.439998626708984,12.5600004196167,25.5,41.337493896484375
2022-09-20,82.89375305175781,10.777995109558105,61.70000076293945,,,332.2920227050781,44.2400016784668,42.099998474121094,13.260000228881836,27.639999389648438,40.67396926879883
2022-09-21,84.02590942382812,10.45138931274414,63.79999923706055,,,327.5670471191406,44.15999984741211,41.7599983215332,13.010000228881836,26.860000610351562,40.64742660522461
2022-09-22,83.38599395751953,10.542112350463867,68.3499984741211,,,335.6669921875,46.220001220703125,42.34000015258789,13.350000381469727,27.520000457763672,42.25315475463867
2022-09-23,82.5984115600586,10.233651161193848,68.1500015258789,,,330.5562744140625,48.79999923706055,42.5,13.170000076293945,27.15999984741211,40.79340362548828
2022-09-26,83.28754425048828,10.297158241271973,66.25,,,323.9027404785156,52.849998474121094,42.2599983215332,12.850000381469727,26.540000915527344,39.90428161621094
2022-09-27,81.22012329101562,10.723560333251953,64.3499984741211,,,324.4813232421875,58.099998474121094,42.060001373291016,12.609999656677246,26.6200008392334,39.147865295410156
2022-09-28,78.51278686523438,10.360665321350098,62.54999923706055,,,316.477783203125,56.349998474121094,41.65999984741211,12.149999618530273,26.040000915527344,39.081512451171875
2022-09-29,77.82364654541016,10.215506553649902,56.29999923706055,,,311.5599365234375,58.5,41.29999923706055,11.84000015258789,25.700000762939453,39.21421813964844
2022-09-30,80.48176574707031,10.24272346496582,58.75,,,315.3206481933594,58.29999923706055,41.70000076293945,12.399999618530273,25.420000076293945,38.4312629699707
2022-10-03,83.58289337158203,11.258831024169922,60.29999923706055,,,331.3277282714844,64.0999984741211,42.060001373291016,13.260000228881836,27.139999389648438,42.26642608642578
2022-10-04,84.8134994506836,11.231614112854004,62.95000076293945,,,334.1241455078125,67.8499984741211,41.97999954223633,13.300000190734863,27.360000610351562,44.522403717041016
2022-10-05,87.96385955810547,11.222541809082031,62.95000076293945,,,329.49560546875,72.69999694824219,41.97999954223633,14.609999656677246,28.360000610351562,45.05322265625
2022-10-06,88.01307678222656,11.703377723693848,63.099998474121094,,,335.956298828125,72.5999984741211,45.2599983215332,14.3100004196167,29.459999084472656,46.04850387573242
2022-10-07,86.63480377197266,11.667088508605957,62.900001525878906,,,338.3669738769531,75.0,45.47999954223633,14.539999961853027,29.760000228881836,45.9688835144043
2022-10-10,86.782470703125,11.603581428527832,65.19999694824219,,,344.0562744140625,82.5,46.2400016784668,14.5600004196167,30.040000915527344,45.78309631347656
2022-10-11,83.87823486328125,11.848536491394043,63.900001525878906,,,336.052734375,90.75,44.97999954223633,14.550000190734863,29.420000076293945,45.58403778076172
2022-10-12,82.05693817138672,11.730595588684082,61.599998474121094,,,323.034912109375,90.30000305175781,43.79999923706055,14.649999618530273,28.559999465942383,44.72146224975586
2022-10-13,87.32393646240234,11.803174018859863,63.29999923706055,,,329.9777526855469,86.94999694824219,43.79999923706055,14.670000076293945,28.440000534057617,43.872154235839844
2022-10-14,91.31111145019531,12.247720718383789,62.849998474121094,,,333.15985107421875,92.19999694824219,44.720001220703125,14.59000015258789,29.260000228881836,44.33662033081055
2022-10-17,90.27739715576172,13.472493171691895,65.30000305175781,,,346.17767333984375,94.5,46.63999938964844,14.220000267028809,31.200000762939453,48.503543853759766
2022-10-18,86.73324584960938,13.690230369567871,66.30000305175781,,,355.0491027832031,93.0,46.2599983215332,13.800000190734863,31.100000381469727,47.61442184448242
2022-10-19,88.99757385253906,14.252718925476074,64.25,,,353.12054443359375,90.30000305175781,49.939998626708984,13.600000381469727,30.68000030517578,47.77366638183594
2022-10-20,86.73324584960938,14.289008140563965,63.5,,,352.3490905761719,91.9000015258789,52.79999923706055,13.489999771118164,31.360000610351562,48.86184310913086
2022-10-21,85.65031433105469,14.107560157775879,62.79999923706055,,,349.3598327636719,90.30000305175781,58.04999923706055,13.34000015258789,32.0,50.42776107788086
2022-10-24,88.75144958496094,14.025908470153809,61.25,,,362.28125,87.8499984741211,61.349998474121094,13.4399995803833,32.459999084472656,50.587005615234375
2022-10-25,86.63480377197266,14.080343246459961,62.20000076293945,,,355.1455078125,89.0999984741211,55.25,13.25,33.81999969482422,49.69788360595703
2022-10-26,85.0103988647461,14.316225051879883,62.04999923706055,,,352.2526550292969,88.5,56.25,13.369999885559082,34.0,48.8220329284668
2022-10-27,84.6166000366211,13.817243576049805,63.70000076293945,,,347.8169860839844,89.44999694824219,57.099998474121094,13.5,33.29999923706055,49.472286224365234
2022-10-28,83.9274673461914,13.318263053894043,63.849998474121094,,,344.1527099609375,89.25,56.599998474121094,13.319999694824219,32.540000915527344,48.516815185546875
2022-10-31,84.71505737304688,13.26382827758789,64.19999694824219,,,350.0348205566406,98.1500015258789,55.79999923706055,13.4399995803833,33.220001220703125,50.2950553894043
2022-11-01,84.07513427734375,13.200322151184082,67.0,,,354.66339111328125,107.9000015258789,54.29999923706055,13.609999656677246,32.97999954223633,51.75480651855469
2022-11-02,82.69685363769531,13.109597206115723,73.30000305175781,,,358.71337890625,114.4000015258789,56.45000076293945,13.920000076293945,32.81999969482422,52.41832733154297
2022-11-03,86.43790435791016,12.8737154006958,72.55000305175781,,,341.5491638183594,123.19999694824219,55.650001525878906,13.90999984741211,32.939998626708984,54.0771369934082
2022-11-04,88.16075897216797,13.218465805053711,75.4000015258789,,,347.1419677734375,121.80000305175781,56.650001525878906,14.0,33.63999938964844,56.82412338256836
2022-11-07,92.83706665039062,13.826315879821777,78.19999694824219,,,356.39910888671875,124.4000015258789,57.150001525878906,14.649999618530273,34.91999816894531,59.45167541503906
2022-11-08,89.68670654296875,13.79909896850586,80.5,,,352.2526550292969,136.8000030517578,55.900001525878906,14.239999771118164,34.599998474121094,58.65544891357422
2022-11-09,91.45877838134766,13.554143905639648,84.1500015258789,,,350.9026794433594,150.39999389648438,56.0,14.180000305175781,34.2400016784668,57.142616271972656
2022-11-10,93.72309875488281,13.99869155883789,77.25,,,354.8562316894531,147.3000030517578,56.349998474121094,14.479999542236328,35.63999938964844,57.55399703979492
2022-11-11,90.57274627685547,13.590434074401855,79.0,,,358.3276672363281,162.0,55.04999923706055,14.229999542236328,35.31999969482422,57.10280227661133
2022-11-14,91.9510269165039,13.817243576049805,79.6500015258789,,,379.4454650878906,178.1999969482422,56.849998474121094,15.260000228881836,36.0,57.009910583496094
2022-11-15,88.16075897216797,14.688193321228027,78.5,,,387.6418762207031,196.0,60.0,15.020000457763672,35.880001068115234,58.05827713012695
2022-11-16,88.45610046386719,15.12366771697998,74.55000305175781,,,404.323974609375,215.60000610351562,57.70000076293945,14.699999809265137,35.15999984741211,56.85066604614258
2022-11-17,85.10884094238281,14.397876739501953,75.1500015258789,,,387.93115234375,194.10000610351562,55.20000076293945,14.40999984741211,34.040000915527344,56.25349044799805
2022-11-18,88.99757385253906,14.742627143859863,78.30000305175781,,,410.39898681640625,174.6999969482422,55.849998474121094,15.0,34.65999984741211,56.47909164428711
2022-11-21,89.09601593017578,14.996654510498047,77.94999694824219,,,419.0775451660156,192.10000610351562,56.349998474121094,15.289999961853027,35.7400016784668,57.434566497802734
2022-11-22,90.57274627685547,15.395838737487793,80.9000015258789,,,427.0810546875,211.3000030517578,58.29999923706055,16.190000534057617,37.34000015258789,62.50387954711914
2022-11-23,91.06498718261719,15.99461555480957,81.5,,,429.78106689453125,211.0,62.54999923706055,16.829999923706055,38.5,62.517154693603516
2022-11-24,94.90448760986328,15.604504585266113,80.25,,,426.0203552246094,193.0,62.25,16.700000762939453,38.20000076293945,62.065956115722656
2022-11-25,102.09123229980469,15.259753227233887,81.44999694824219,,,431.6131896972656,174.5,65.0,17.350000381469727,39.959999084472656,62.8621826171875
2022-11-28,98.94087219238281,15.867603302001953,80.1500015258789,,,429.9739074707031,180.0,67.0,18.25,40.31999969482422,62.47734069824219
2022-11-29,101.00830078125,15.98554515838623,78.94999694824219,,,427.9488830566406,175.0,65.44999694824219,18.010000228881836,38.880001068115234,63.88401412963867
2022-11-30,105.34003448486328,15.704299926757812,84.0999984741211,,,434.5913391113281,163.6999969482422,66.30000305175781,17.889999389648438,39.099998474121094,63.8707389831543
2022-12-01,103.07572174072266,15.813169479370117,84.5,,,435.275146484375,165.0,67.0,18.040000915527344,39.459999084472656,64.36174774169922
2022-12-02,99.4331283569336,15.296043395996094,86.44999694824219,,,430.7817077636719,155.8000030517578,69.94999694824219,17.559999465942383,38.779998779296875,63.84419631958008
2022-12-05,101.79589080810547,14.769845008850098,84.55000305175781,,,416.2269592285156,140.3000030517578,67.5,18.1200008392334,38.63999938964844,62.79582977294922
2022-12-06,102.87882995605469,14.724482536315918,87.0,,,419.7435607910156,154.3000030517578,65.9000015258789,18.0,40.36000061035156,64.01671600341797
2022-12-07,98.4486312866211,14.289008140563965,83.05000305175781,,,407.82623291015625,158.89999389648438,63.0,17.059999465942383,38.86000061035156,61.044132232666016
2022-12-08,99.13777160644531,14.697265625,82.19999694824219,,,406.6540222167969,170.0,62.400001525878906,16.31999969482422,38.79999923706055,57.845947265625
2022-12-09,100.90985107421875,15.12366771697998,84.9000015258789,,,418.8643798828125,190.3000030517578,64.4000015258789,16.8700008392334,39.380001068115234,58.045005798339844
2022-12-12,104.15866088867188,15.931109428405762,86.55000305175781,,,430.2933044433594,195.8000030517578,65.75,17.59000015258789,40.08000183105469,60.40715026855469
2022-12-13,105.53693389892578,15.840385437011719,90.6500015258789,,,432.2469482421875,182.5,65.1500015258789,18.309999465942383,41.279998779296875,62.517154693603516
2022-12-14,100.90985107421875,15.686156272888184,85.94999694824219,,,411.6358642578125,167.5,62.5,17.5,39.34000015258789,59.995765686035156
2022-12-15,103.56796264648438,16.78391456604004,85.4000015258789,,,415.34783935546875,167.1999969482422,62.70000076293945,18.18000030517578,39.439998626708984,60.699100494384766
2022-12-16,103.3710708618164,17.02886962890625,84.19999694824219,,,421.5995178222656,162.3000030517578,62.599998474121094,18.079999923706055,39.5,60.11520004272461
2022-12-19,110.85316467285156,18.598390579223633,85.30000305175781,,,459.0120849609375,172.8000030517578,64.8499984741211,19.8700008392334,40.880001068115234,62.23847198486328
2022-12-20,111.24695587158203,18.144771575927734,86.30000305175781,,,474.5436706542969,173.6999969482422,66.05000305175781,19.780000686645508,41.7400016784668,62.79582977294922
2022-12-21,109.37642669677734,18.099411010742188,84.80000305175781,,,472.2969665527344,174.1999969482422,66.69999694824219,19.3700008392334,41.119998931884766,63.353187561035156
2022-12-22,107.50590515136719,18.008686065673828,83.5999984741211,,,470.9294128417969,172.89999389648438,65.80000305175781,19.239999771118164,40.7400016784668,63.0479736328125
2022-12-23,104.84779357910156,17.890745162963867,84.6500015258789,,,469.3664855957031,167.39999389648438,66.4000015258789,19.6299991607666,41.060001373291016,65.15797424316406
2022-12-26,106.71832275390625,18.072193145751953,83.9000015258789,,,482.2606201171875,153.10000610351562,68.69999694824219,20.479999542236328,41.68000030517578,67.5201187133789
2022-12-27,110.55782318115234,17.809093475341797,80.69999694824219,,,477.0834045410156,148.1999969482422,65.69999694824219,19.729999542236328,41.0,67.1883544921875
2022-12-28,106.0291748046875,17.3554744720459,78.25,,,479.33013916015625,153.3000030517578,62.599998474121094,19.040000915527344,41.68000030517578,67.29451751708984
2022-12-29,107.9981460571289,17.899816513061523,82.19999694824219,,,511.8585510253906,153.5,63.349998474121094,19.860000610351562,43.040000915527344,67.21489715576172
2022-12-30,108.68729400634766,17.736513137817383,82.0,,,512.3469848632812,158.3000030517578,62.95000076293945,19.959999084472656,42.91999816894531,70.32018280029297
2023-01-02,110.06558227539062,18.162918090820312,82.30000305175781,,,526.9993896484375,164.8000030517578,63.400001525878906,20.440000534057617,44.65999984741211,70.9704360961914
2023-01-03,107.30901336669922,17.763731002807617,79.75,,,514.2029418945312,157.5,61.75,20.479999542236328,46.099998474121094,69.60358428955078
2023-01-04,109.77023315429688,17.827238082885742,79.44999694824219,,,499.7458801269531,150.0,59.75,20.0,44.959999084472656,68.01112365722656
2023-01-05,104.84779357910156,17.301040649414062,76.6500015258789,,,489.4891662597656,140.1999969482422,56.20000076293945,19.299999237060547,43.540000915527344,66.29923248291016
2023-01-06,104.74935150146484,16.965362548828125,76.9000015258789,,,489.4891662597656,149.10000610351562,57.099998474121094,19.329999923706055,43.58000183105469,67.45376586914062
2023-01-09,101.30364990234375,16.15791893005371,73.19999694824219,,,471.80853271484375,147.1999969482422,54.95000076293945,18.399999618530273,41.880001068115234,66.45848083496094
2023-01-10,96.28276824951172,15.450274467468262,69.19999694824219,,,467.9012451171875,141.0,53.45000076293945,18.049999237060547,40.84000015258789,63.07451248168945
2023-01-11,88.20997619628906,14.606541633605957,65.6500015258789,,,447.876220703125,132.0,50.0,16.670000076293945,38.220001220703125,62.769290924072266
2023-01-12,89.19446563720703,15.105522155761719,67.3499984741211,,,464.58001708984375,134.39999389648438,51.900001525878906,17.420000076293945,39.97999954223633,68.22344970703125
2023-01-13,89.63748168945312,15.014798164367676,70.8499984741211,,,461.5518493652344,145.0,53.45000076293945,17.770000457763672,39.779998779296875,67.70590209960938
2023-01-16,93.13240814208984,15.668010711669922,72.3499984741211,,,484.21429443359375,159.0,55.900001525878906,18.299999237060547,41.599998474121094,71.70030975341797
2023-01-17,94.31379699707031,15.894821166992188,72.0999984741211,,,499.1597595214844,166.5,56.900001525878906,18.420000076293945,43.7599983215332,75.58856201171875
2023-01-18,95.34750366210938,15.749662399291992,72.75,,,502.18792724609375,161.60000610351562,56.75,18.239999771118164,43.380001068115234,77.7649154663086
2023-01-19,95.64285278320312,15.958327293395996,71.4000015258789,,,497.20611572265625,164.60000610351562,56.54999923706055,18.049999237060547,44.36000061035156,77.51277160644531
2023-01-20,97.95639038085938,16.97443389892578,72.5,,,500.9180603027344,161.5,57.150001525878906,18.709999084472656,44.34000015258789,79.0521469116211
2023-01-23,97.85794067382812,16.84741973876953,73.0,,,503.262451171875,150.8000030517578,55.75,18.18000030517578,42.720001220703125,80.88346862792969
2023-01-24,95.79052734375,16.61153793334961,71.69999694824219,,,500.8204040527344,151.0,54.45000076293945,17.610000610351562,42.5,82.55554962158203
2023-01-25,92.54171752929688,16.094411849975586,69.4000015258789,,,494.6663513183594,152.0,54.25,17.200000762939453,41.959999084472656,83.20580291748047
2023-01-26,93.77232360839844,15.468417167663574,68.30000305175781,,,501.0157775878906,146.0,53.599998474121094,17.09000015258789,41.36000061035156,81.63988494873047
2023-01-27,91.36033630371094,15.105522155761719,75.0999984741211,,,509.0257263183594,143.0,53.04999923706055,16.729999542236328,41.84000015258789,84.22763061523438
2023-01-30,89.63748168945312,15.450274467468262,71.30000305175781,,,516.74267578125,144.0,51.900001525878906,16.440000534057617,40.5,80.19340515136719
2023-01-31,89.5882568359375,15.404911041259766,69.5,,,498.2806396484375,143.0,50.45000076293945,16.329999923706055,39.540000915527344,78.48152160644531
2023-02-01,82.45072937011719,14.107560157775879,63.849998474121094,,,474.641357421875,136.8000030517578,47.599998474121094,15.199999809265137,38.29999923706055,74.67289733886719
2023-02-02,82.89375305175781,13.663013458251953,67.3499984741211,,,497.20611572265625,137.5,47.060001373291016,15.239999771118164,39.880001068115234,73.21314239501953
2023-02-03,86.3394546508789,14.978509902954102,70.25,,,522.6036987304688,144.1999969482422,49.70000076293945,16.010000228881836,43.040000915527344,79.49007415771484
2023-02-06,83.23831939697266,14.697265625,67.80000305175781,,,525.5341796875,136.8000030517578,48.0,15.609999656677246,42.63999938964844,76.82270812988281
2023-02-07,76.19924926757812,13.336407661437988,61.70000076293945,,,479.2324523925781,123.19999694824219,43.439998626708984,14.09000015258789,38.81999969482422,69.36470794677734
2023-02-08,70.63689422607422,12.429168701171875,55.900001525878906,,,450.2206115722656,111.0,41.0,12.890000343322754,36.52000045776367,64.69351196289062
2023-02-15,83.77978515625,14.670048713684082,67.8499984741211,,,527.0970458984375,135.5,47.599998474121094,15.489999771118164,42.70000076293945,76.2918930053711
2023-02-16,77.77442169189453,14.606541633605957,65.0999984741211,,,540.1865844726562,137.0,47.29999923706055,15.420000076293945,45.2599983215332,83.6570053100586
2023-02-17,77.77442169189453,14.506745338439941,64.0,,,536.181640625,133.89999389648438,46.79999923706055,15.399999618530273,44.900001525878906,82.80769348144531
2023-02-20,79.10347747802734,14.506745338439941,66.6500015258789,,,541.65185546875,137.39999389648438,51.45000076293945,16.700000762939453,47.5,81.7858657836914
2023-02-21,81.66313934326172,14.425093650817871,71.0,,,525.5341796875,135.8000030517578,56.54999923706055,17.079999923706055,46.70000076293945,80.15359497070312
2023-02-22,79.34960174560547,14.57025146484375,72.9000015258789,,,523.5805053710938,143.5,50.900001525878906,16.579999923706055,45.619998931884766,77.89761352539062
2023-02-23,80.03874206542969,14.615614891052246,77.0999984741211,,,527.8786010742188,157.8000030517578,51.150001525878906,16.84000015258789,45.7599983215332,77.83126831054688
2023-02-24,81.3677978515625,14.479528427124023,75.75,,,522.799072265625,155.0,53.849998474121094,16.510000228881836,44.5,79.56969451904297
2023-02-27,81.90926361083984,15.713372230529785,77.05000305175781,,,542.628662109375,155.1999969482422,52.75,16.8799991607666,46.060001373291016,79.6227798461914
2023-02-28,87.07781982421875,15.876675605773926,78.9000015258789,,,538.3306274414062,161.0,52.150001525878906,16.81999969482422,47.20000076293945,78.70711517333984
2023-03-01,88.70221710205078,15.976471900939941,79.0,,,570.7613525390625,166.0,51.5,16.969999313354492,48.7400016784668,79.59623718261719
2023-03-02,92.04946899414062,16.094411849975586,75.94999694824219,,,575.5478515625,169.10000610351562,50.20000076293945,16.280000686645508,47.79999923706055,79.96781158447266
2023-03-03,91.26187896728516,15.795023918151855,74.30000305175781,,,574.766357421875,162.39999389648438,49.900001525878906,15.84000015258789,46.959999084472656,81.01618194580078
2023-03-06,94.46146392822266,17.010723114013672,78.0,,,602.50830078125,166.10000610351562,50.849998474121094,16.260000228881836,50.150001525878906,82.5953598022461
2023-03-07,96.57810974121094,16.892784118652344,77.5,,,602.8013305664062,163.3000030517578,51.29999923706055,16.139999389648438,48.81999969482422,85.71392822265625
2023-03-08,98.10407257080078,18.081266403198242,80.80000305175781,,,611.2997436523438,155.8000030517578,52.349998474121094,16.030000686645508,48.880001068115234,85.46178436279297
2023-03-09,99.13777160644531,17.972396850585938,81.4000015258789,,,597.3311157226562,157.6999969482422,51.849998474121094,16.479999542236328,48.220001220703125,84.79825592041016
2023-03-10,98.74398040771484,17.70929718017578,82.0999984741211,,,600.75,156.3000030517578,50.599998474121094,16.510000228881836,47.34000015258789,83.45714569091797
2023-03-13,96.87345886230469,16.965362548828125,77.5,,,607.9000244140625,152.0,49.79999923706055,16.31999969482422,46.2400016784668,82.0
2023-03-14,97.26725769042969,16.829275131225586,72.5999984741211,,,582.0,148.0,49.47999954223633,15.789999961853027,46.41999816894531,79.31428527832031
2023-03-15,97.5625991821289,16.874637603759766,70.75,,,582.9000244140625,145.6999969482422,48.5,15.270000457763672,45.97999954223633,80.9857177734375
2023-03-16,97.66104125976562,17.128664016723633,71.8499984741211,,,584.0,157.8000030517578,48.599998474121094,15.390000343322754,47.459999084472656,82.17142486572266
2023-03-17,95.64285278320312,16.520814895629883,73.0,,,570.9000244140625,170.0,48.560001373291016,14.970000267028809,45.959999084472656,79.32856750488281
2023-03-20,95.0029296875,16.466381072998047,71.5,,,556.0,160.89999389648438,46.099998474121094,14.489999771118164,44.41999816894531,76.18571472167969
2023-03-21,92.14791870117188,15.958327293395996,70.94999694824219,,,566.9000244140625,156.0,46.040000915527344,14.279999732971191,43.880001068115234,75.87142944335938
2023-03-22,93.72309875488281,16.266788482666016,71.25,,,591.5,151.39999389648438,47.0,14.710000038146973,45.119998931884766,78.35713958740234
2023-03-23,96.2335433959961,16.61153793334961,71.6500015258789,,,604.7999877929688,152.3000030517578,47.060001373291016,14.850000381469727,45.720001220703125,78.0999984741211
2023-03-24,96.47966766357422,16.33029556274414,70.69999694824219,,,601.9000244140625,152.8000030517578,47.79999923706055,14.8100004196167,44.880001068115234,76.25714111328125
2023-03-27,95.05216217041016,16.647829055786133,69.75,,,603.4000244140625,153.89999389648438,47.779998779296875,14.579999923706055,44.040000915527344,74.84285736083984
2023-03-28,92.64016723632812,16.13070297241211,66.1500015258789,,,590.0999755859375,145.0,45.560001373291016,13.949999809265137,42.0,73.19999694824219
2023-03-29,94.36302185058594,16.920000076293945,67.05000305175781,,,603.0999755859375,146.1999969482422,45.380001068115234,14.350000381469727,42.97999954223633,76.64286041259766
2023-03-30,91.90180206298828,16.700000762939453,65.94999694824219,,,598.0,147.5,44.84000015258789,14.079999923706055,42.84000015258789,539.0
2023-03-31,90.76963806152344,16.940000534057617,64.8499984741211,,,584.9000244140625,142.0,43.81999969482422,13.859999656677246,42.31999969482422,75.72856903076172
2023-04-03,90.57274627685547,17.020000457763672,66.75,,,585.2999877929688,136.60000610351562,43.279998779296875,14.460000038146973,42.779998779296875,80.62857055664062
2023-04-04,91.65567779541016,17.360000610351562,68.25,,,605.0999755859375,137.6999969482422,43.959999084472656,14.75,45.02000045776367,82.05000305175781
2023-04-05,92.000244140625,16.860000610351562,68.5,,,597.9000244140625,138.10000610351562,48.34000015258789,14.399999618530273,43.65999984741211,79.44999694824219
2023-04-06,93.13240814208984,16.649999618530273,68.5,,,609.0,136.5,45.099998474121094,14.140000343322754,43.18000030517578,77.5999984741211
2023-04-07,92.68939208984375,16.829999923706055,70.0,,,601.2999877929688,136.60000610351562,44.7400016784668,14.170000076293945,42.79999923706055,76.75
2023-04-10,94.26457214355469,17.270000457763672,72.19999694824219,,,607.5999755859375,145.89999389648438,45.08000183105469,14.880000114440918,44.41999816894531,78.80000305175781
2023-04-11,97.21802520751953,17.850000381469727,72.1500015258789,,,604.5,143.6999969482422,44.939998626708984,14.9399995803833,44.040000915527344,78.30000305175781
2023-04-12,97.21802520751953,18.290000915527344,74.0999984741211,,,606.0,145.3000030517578,45.41999816894531,15.140000343322754,44.400001525878906,78.0999984741211
2023-04-13,93.67387390136719,17.850000381469727,72.80000305175781,,,601.4000244140625,145.1999969482422,45.2599983215332,14.899999618530273,44.5,77.69999694824219
2023-04-14,92.78783416748047,17.56999969482422,71.0,,,605.4000244140625,142.1999969482422,45.2599983215332,14.699999809265137,43.939998626708984,76.5
2023-04-17,90.37584686279297,17.8799991607666,70.0999984741211,,,593.5999755859375,140.60000610351562,44.65999984741211,14.859999656677246,43.380001068115234,74.55000305175781
2023-04-18,90.08050537109375,17.969999313354492,66.9000015258789,,,593.7000122070312,138.3000030517578,44.08000183105469,14.539999961853027,42.279998779296875,73.44999694824219
2023-04-19,90.57274627685547,18.479999542236328,66.6500015258789,,,588.5,138.60000610351562,44.119998931884766,14.550000190734863,42.58000183105469,75.3499984741211
2023-04-20,90.57274627685547,17.700000762939453,65.80000305175781,,44.65999984741211,583.0,139.5,44.36000061035156,14.289999961853027,42.0,73.9000015258789
2023-04-24,92.5707778930664,17.68000030517578,66.19999694824219,,49.119998931884766,581.0,139.1999969482422,44.220001220703125,14.170000076293945,41.900001525878906,73.55000305175781
2023-04-25,91.97610473632812,17.25,64.19999694824219,,54.0,566.5999755859375,134.0,43.540000915527344,14.0,40.7599983215332,72.0
2023-04-26,91.67876434326172,16.860000610351562,62.400001525878906,,59.400001525878906,558.5999755859375,131.10000610351562,42.099998474121094,13.800000190734863,39.36000061035156,69.4000015258789
2023-04-27,93.21500396728516,17.0,61.04999923706055,,65.30000305175781,573.0,144.1999969482422,42.0,13.630000114440918,38.599998474121094,69.25
2023-04-28,94.15657043457031,16.049999237060547,58.900001525878906,,71.80000305175781,537.4000244140625,132.3000030517578,41.81999969482422,13.0,36.86000061035156,66.30000305175781
2023-05-02,90.8858642578125,15.670000076293945,56.75,,78.94999694824219,526.0,125.0,40.13999938964844,12.479999542236328,36.70000076293945,65.3499984741211
2023-05-03,91.28231048583984,15.520000457763672,55.349998474121094,,78.44999694824219,529.0,118.5999984741211,38.599998474121094,12.5,37.36000061035156,69.0
2023-05-04,92.62032318115234,15.539999961853027,55.29999923706055,,77.75,527.9000244140625,119.0,39.540000915527344,12.359999656677246,37.31999969482422,66.75
2023-05-05,90.9354248046875,15.239999771118164,53.75,,70.0,516.5999755859375,113.30000305175781,39.060001373291016,12.180000305175781,36.84000015258789,64.9000015258789
2023-05-08,94.94947052001953,16.489999771118164,55.75,,66.19999694824219,530.0,114.5,40.08000183105469,12.609999656677246,38.400001525878906,66.75
2023-05-09,100.30152130126953,16.709999084472656,54.70000076293945,,61.900001525878906,528.2000122070312,110.4000015258789,38.97999954223633,12.170000076293945,37.5,65.19999694824219
2023-05-10,98.22016906738281,16.809999465942383,51.70000076293945,,63.54999923706055,523.0999755859375,110.4000015258789,38.7400016784668,11.829999923706055,36.7400016784668,65.0
2023-05-11,104.76156616210938,18.489999771118164,55.45000076293945,,67.1500015258789,575.4000244140625,111.80000305175781,40.119998931884766,12.65999984741211,40.400001525878906,71.5
2023-05-12,104.1668930053711,19.290000915527344,56.29999923706055,,64.8499984741211,561.2999877929688,111.69999694824219,40.29999923706055,12.5,39.86000061035156,71.0
2023-05-15,93.76011657714844,17.3700008392334,54.099998474121094,,69.75,519.4000244140625,106.0,39.52000045776367,12.329999923706055,36.599998474121094,64.19999694824219
2023-05-16,94.60256958007812,15.770000457763672,58.349998474121094,,76.69999694824219,547.5,109.5,40.36000061035156,12.890000343322754,38.099998474121094,66.5999984741211
2023-05-17,95.54414367675781,15.579999923706055,57.54999923706055,,84.3499984741211,552.0,114.5,41.18000030517578,13.0600004196167,38.91999816894531,68.0999984741211
2023-05-18,92.76899719238281,14.979999542236328,59.04999923706055,,78.4000015258789,540.0999755859375,111.4000015258789,40.380001068115234,12.59000015258789,37.380001068115234,65.55000305175781
2023-05-22,91.38142395019531,14.4399995803833,60.150001525878906,,86.19999694824219,535.2000122070312,111.5,39.47999954223633,12.5600004196167,36.79999923706055,64.0
2023-05-23,91.67876434326172,14.399999618530273,59.0,,78.05000305175781,525.0,112.30000305175781,39.540000915527344,12.5600004196167,36.36000061035156,65.5999984741211
2023-05-24,92.5,13.949999809265137,58.75,,77.3499984741211,519.5,112.30000305175781,39.58000183105469,12.529999732971191,35.619998931884766,64.4000015258789
2023-05-25,90.05000305175781,14.300000190734863,61.0,,79.44999694824219,510.8999938964844,113.5999984741211,39.619998931884766,12.649999618530273,35.58000183105469,63.900001525878906
2023-05-26,92.0,14.510000228881836,62.099998474121094,12.779999732971191,80.55000305175781,532.0,118.69999694824219,40.47999954223633,13.020000457763672,37.400001525878906,65.69999694824219
